email,phone,address,region,country,currency,numberrange,list
bibendum.ullamcorper@hotmail.net,(266) 451-9848,Ap #719-368 Est. Rd.,Rogaland,India,$41.44,3,Legal Department
id.magna@hotmail.couk,1-453-354-4147,110-1776 Hymenaeos. Rd.,Gauteng,New Zealand,$9.36,10,Finances
eu.eros@google.org,(435) 359-3336,"475-6928 Amet, Road",Styria,Turkey,$33.42,2,Media Relations
habitant@icloud.net,(236) 113-4482,145-3762 Duis Avenue,Santa Catarina,Brazil,$19.79,4,Media Relations
nunc.mauris@hotmail.com,1-690-265-8232,"P.O. Box 374, 4872 Non Rd.",Loreto,Indonesia,$4.61,3,Public Relations
dapibus.ligula@yahoo.com,(311) 787-7859,119-1429 Amet Rd.,Huáběi,Australia,$57.45,6,Legal Department
amet.consectetuer@hotmail.ca,1-484-733-1592,4060 Luctus St.,East Java,Pakistan,$8.95,9,Quality Assurance
nisi.magna.sed@yahoo.org,1-207-141-2632,"360-7022 Dui, St.",Anambra,South Africa,$59.04,7,Sales and Marketing
placerat@yahoo.com,1-843-442-7646,693-1112 Lacus. Rd.,Metropolitana de Santiago,Colombia,$85.32,0,Tech Support
quis.arcu@outlook.net,(652) 624-2690,Ap #803-9040 Lectus Rd.,Lima,United Kingdom,$51.70,9,Research and Development
nam.tempor.diam@protonmail.edu,(915) 111-7392,266-2552 Et St.,Innlandet,Brazil,$45.42,8,Quality Assurance
donec@outlook.ca,(155) 564-4787,447-2306 Duis Rd.,Inverness-shire,Spain,$44.03,4,Advertising
at.nisi.cum@hotmail.net,(275) 751-2968,405-4875 Mauris Road,Jambi,Germany,$0.19,10,Research and Development
pharetra.nibh@aol.net,1-253-331-5283,"P.O. Box 535, 9211 Volutpat Ave",Magdalena,Brazil,$89.31,5,Media Relations
nec.tellus@yahoo.com,(919) 957-8809,"514-7921 Nec, Street",Antioquia,France,$20.86,9,Legal Department
cursus.integer@yahoo.couk,1-624-722-6362,537-9270 Neque St.,Castilla y León,Poland,$69.02,9,Research and Development
donec.non.justo@protonmail.com,1-291-811-6454,6127 Mauris. Road,Emilia-Romagna,Costa Rica,$42.57,3,Sales and Marketing
facilisi@yahoo.org,1-626-783-4319,"803-6241 Placerat, Rd.",South Australia,New Zealand,$24.54,5,Finances
enim.nec.tempus@google.edu,(737) 481-2761,Ap #871-8398 Ultricies Ave,Pondicherry,Ireland,$71.38,5,Customer Service
eleifend.cras.sed@outlook.com,(665) 414-5820,9124 Mauris. Rd.,North Island,Peru,$69.24,5,Customer Relations
aliquam@protonmail.org,1-533-496-9566,6400 Neque. Street,Stockholms län,Italy,$15.84,10,Tech Support
rutrum.lorem@outlook.org,(471) 427-2217,623-3593 Tellus Street,Kujawsko-pomorskie,New Zealand,$12.89,0,Customer Service
egestas.a@outlook.org,1-432-286-1662,770-5255 Mi Rd.,Australian Capital Territory,Singapore,$50.91,5,Customer Service
lacus@google.edu,(335) 712-5878,Ap #646-4210 Quisque St.,Yorkshire,Mexico,$79.76,9,Research and Development
morbi.non@hotmail.edu,1-487-392-4662,"P.O. Box 521, 8561 Quisque Ave",Ternopil oblast,Russian Federation,$77.94,8,Sales and Marketing
non.cursus@protonmail.ca,1-869-468-6031,Ap #575-1568 Nullam Avenue,Yucatán,Spain,$66.19,3,Customer Service
egestas@hotmail.net,(812) 347-4817,1995 Sapien Road,Central Luzon,South Africa,$6.40,2,Tech Support
ipsum.primis@google.com,(794) 559-4530,"P.O. Box 909, 1627 Metus. Rd.",Viken,Austria,$53.95,10,Customer Service
massa.vestibulum.accumsan@hotmail.edu,(351) 484-3507,2943 Duis Rd.,Ancash,Australia,$27.96,10,Finances
felis@protonmail.com,1-981-220-1382,"7805 Ut, Avenue",KwaZulu-Natal,Brazil,$74.39,1,Tech Support
feugiat.non@icloud.ca,(854) 334-6825,431-3996 Parturient Ave,Jeju,Sweden,$3.18,4,Legal Department
bibendum.sed.est@outlook.couk,1-487-685-5571,684-5175 Ut Av.,Upper Austria,Vietnam,$38.43,3,Quality Assurance
cursus@google.net,1-348-947-5408,Ap #458-8000 Donec Street,Galicia,Peru,$2.97,6,Finances
dolor.tempus.non@outlook.com,1-711-588-3731,Ap #114-2919 Adipiscing. Ave,Lubelskie,Indonesia,$51.23,6,Public Relations
in.lobortis.tellus@outlook.com,(638) 974-2519,Ap #667-2035 Dolor Rd.,New Brunswick,Philippines,$60.25,8,Quality Assurance
cras.vulputate.velit@hotmail.org,1-722-311-4277,327-6722 Dictum St.,Jambi,Vietnam,$31.93,9,Accounting
proin.eget@hotmail.couk,(823) 794-7145,6180 Praesent St.,Paraná,Netherlands,$2.88,8,Public Relations
magna.a@yahoo.com,1-835-773-5116,"P.O. Box 146, 1939 Hendrerit Av.",Cesar,Australia,$67.16,7,Asset Management
aliquam@icloud.org,1-367-852-8359,807-7783 Amet Road,Sóc Trăng,Vietnam,$22.22,6,Accounting
non.cursus@protonmail.net,1-664-414-8196,138-5628 Sit Street,Zakarpattia oblast,South Africa,$59.02,9,Tech Support
lectus.a@aol.edu,1-371-542-5934,"443-5579 Vel, Ave",West Java,Indonesia,$99.66,4,Public Relations
vel@hotmail.ca,1-356-328-4417,"P.O. Box 388, 856 Et, Av.",Puntarenas,United States,$65.80,7,Advertising
et@hotmail.org,(793) 314-0075,Ap #458-4601 Mauris Rd.,Huádōng,India,$97.11,6,Payroll
ipsum.primis@google.edu,1-708-374-3538,6279 Suspendisse Rd.,Warmińsko-mazurskie,South Korea,$21.96,6,Tech Support
nulla@aol.com,1-644-872-1261,863 Phasellus Rd.,Zhytomyr oblast,Australia,$95.99,8,Sales and Marketing
mollis.duis@hotmail.net,(686) 941-7826,Ap #114-4967 Consectetuer Av.,Lima,Colombia,$76.04,3,Payroll
at@hotmail.org,(936) 479-9394,Ap #747-593 Volutpat. Av.,Uttar Pradesh,Brazil,$13.17,7,Human Resources
neque.nullam@google.edu,1-343-546-6228,223-5143 Vestibulum Rd.,West Java,China,$79.27,2,Media Relations
lectus@aol.com,(470) 892-3020,"545-9983 Tellus, Street",Sindh,Brazil,$52.33,7,Finances
non@google.org,(321) 217-6665,298-7636 Cursus Rd.,Westmorland,Mexico,$29.47,3,Human Resources
ultrices.posuere@google.com,1-256-618-4083,Ap #106-1792 Cursus. St.,Ancash,China,$57.78,8,Customer Service
sapien@icloud.ca,1-232-572-4768,665-826 Id Road,Mexico City,South Korea,$24.89,4,Public Relations
vel.sapien.imperdiet@yahoo.net,1-739-406-4527,Ap #539-1445 Semper Street,Bourgogne,Norway,$53.16,2,Asset Management
vel.arcu@protonmail.couk,(207) 388-2164,"P.O. Box 610, 8000 Pharetra Rd.",Tabasco,Netherlands,$87.90,3,Advertising
sed.eu@aol.org,(774) 311-5574,Ap #664-2407 Aliquam Street,Ivanovo Oblast,Nigeria,$11.65,5,Research and Development
ultricies@aol.edu,1-568-734-7116,"3208 Ullamcorper, Avenue",Møre og Romsdal,Mexico,$94.62,9,Sales and Marketing
ipsum.primis.in@google.org,1-457-413-2745,2081 Porttitor St.,Leinster,Ukraine,$2.20,8,Customer Relations
mollis@icloud.couk,1-598-521-5656,Ap #136-5995 Magna. Av.,Van,Costa Rica,$37.72,2,Customer Relations
elit.pretium@hotmail.com,1-410-165-2709,Ap #884-9834 Habitant Rd.,Podkarpackie,Vietnam,$32.36,4,Quality Assurance
ligula.aenean@hotmail.net,1-575-486-2650,Ap #481-1938 Et St.,Huádōng,Costa Rica,$18.65,5,Customer Service
et.eros.proin@hotmail.com,(557) 845-1746,Ap #121-1790 Diam. Avenue,Alajuela,Canada,$76.43,9,Human Resources
lorem@aol.ca,(247) 212-3468,662-1421 Consectetuer Ave,Balıkesir,Ireland,$71.57,4,Human Resources
fringilla.porttitor.vulputate@yahoo.org,1-259-748-3224,"P.O. Box 692, 3895 In, Rd.",Trøndelag,Indonesia,$60.97,2,Quality Assurance
phasellus@hotmail.edu,1-437-562-4645,"P.O. Box 104, 6848 Vestibulum St.",Dnipropetrovsk oblast,Indonesia,$50.83,5,Sales and Marketing
luctus.sit@yahoo.org,(435) 373-1039,6500 Vitae Rd.,South Gyeongsang,Poland,$3.48,5,Customer Service
nunc.mauris@icloud.net,(820) 831-8759,"3606 Mauris, Av.",Tolima,Mexico,$61.07,1,Human Resources
fusce.mi@google.org,1-716-155-2850,"P.O. Box 920, 1666 Magna Street",O'Higgins,South Korea,$1.91,7,Advertising
quisque.ac@yahoo.net,1-257-513-3170,Ap #977-2108 Urna. Road,Kostroma Oblast,Sweden,$99.51,6,Finances
pede.ac@google.org,(776) 438-1826,"P.O. Box 654, 4451 Sollicitudin Ave",Sokoto,Russian Federation,$18.52,8,Research and Development
dolor.sit@google.com,(358) 332-1263,"P.O. Box 595, 8274 Morbi Street",Sussex,India,$6.97,6,Customer Service
scelerisque.dui.suspendisse@yahoo.com,1-336-686-3872,"P.O. Box 340, 4912 Fringilla Rd.",Victoria,Austria,$33.05,7,Legal Department
ligula.donec@outlook.couk,(592) 254-5727,4299 Rutrum Road,Gangwon,India,$92.06,4,Media Relations
consectetuer@hotmail.org,(568) 337-8628,9562 In Road,Munster,Russian Federation,$81.72,9,Customer Relations
eget.nisi@yahoo.couk,(456) 442-2655,2206 Enim. Rd.,Special Region of Yogyakarta,Ukraine,$91.47,4,Sales and Marketing
malesuada.vel.venenatis@google.net,(251) 190-8603,Ap #190-8940 Ac Rd.,Vladimir Oblast,Vietnam,$35.80,2,Accounting
cum.sociis@hotmail.ca,1-956-486-3917,Ap #454-8182 Nec St.,Puntarenas,Philippines,$4.29,6,Tech Support
nisi@aol.com,1-873-671-5041,Ap #486-9715 Dis Street,Borno,Poland,$53.71,8,Accounting
morbi.accumsan@hotmail.net,1-937-781-0740,188-1289 Mollis Road,Lào Cai,Austria,$38.13,5,Advertising
urna@google.org,(273) 422-5976,1876 Sed Rd.,Tyrol,Pakistan,$96.07,4,Accounting
nascetur@hotmail.couk,1-795-851-7956,604-7858 Lectus St.,Sindh,Australia,$19.58,6,Quality Assurance
ornare@protonmail.org,1-982-324-2218,Ap #508-4461 Eu Rd.,Dolnośląskie,Philippines,$49.60,8,Advertising
dictum.eleifend@hotmail.ca,1-594-981-2636,597-6653 Ipsum Rd.,Hải Phòng,Belgium,$16.27,3,Research and Development
malesuada.fames@protonmail.net,(252) 251-4011,Ap #216-2991 Lectus St.,Dorset,France,$83.16,3,Research and Development
diam@yahoo.com,(732) 937-4277,143-8803 Parturient Road,Akwa Ibom,Indonesia,$92.22,6,Payroll
consectetuer@outlook.ca,(114) 739-8008,Ap #445-6203 Consequat Av.,Northern Territory,Belgium,$48.21,9,Quality Assurance
adipiscing.fringilla@aol.com,1-981-428-8531,Ap #989-146 Eleifend. St.,Hatay,Nigeria,$63.63,3,Accounting
at.risus@google.couk,(655) 676-7718,"P.O. Box 513, 3235 Dis St.",Flevoland,Turkey,$68.93,1,Accounting
et.magnis@outlook.ca,1-867-696-2811,9440 Nec St.,Central Region,Germany,$46.68,0,Advertising
rhoncus.nullam@protonmail.com,1-361-666-0406,"P.O. Box 802, 2757 Turpis. Rd.",Cao Bằng,Belgium,$78.80,5,Public Relations
maecenas.malesuada@aol.net,(428) 967-3268,"892 Et, Av.",East Region,India,$57.80,2,Customer Service
ipsum.primis.in@protonmail.com,(142) 363-7162,923-4183 Cras Street,Zhōngnán,Poland,$68.48,5,Public Relations
ante.bibendum@protonmail.com,1-371-337-6483,"P.O. Box 879, 9955 Consequat Av.",Gilgit Baltistan,Pakistan,$58.28,4,Payroll
feugiat.tellus.lorem@outlook.ca,1-767-254-5752,"P.O. Box 980, 3353 Vel Road",North Island,United States,$25.90,9,Human Resources
ac.tellus@hotmail.net,1-637-460-0613,575-3912 Vulputate St.,Nordland,Costa Rica,$40.91,7,Payroll
ut@aol.org,(454) 598-9281,"P.O. Box 116, 4590 Mollis Av.",South Island,Pakistan,$95.66,4,Advertising
nunc@outlook.net,1-568-687-6805,Ap #966-1234 Augue Rd.,Southeast Sulawesi,Austria,$66.26,4,Legal Department
metus.in@outlook.edu,(630) 515-2312,Ap #780-5568 Nibh Rd.,Free State,United States,$86.64,2,Quality Assurance
in.faucibus@protonmail.net,1-935-520-0792,369-7926 Quisque St.,Luxemburg,Brazil,$85.93,0,Payroll
nisi.magna@hotmail.net,1-173-424-1643,"Ap #183-9176 Lorem, Avenue",Gauteng,Vietnam,$5.69,7,Research and Development
mauris.eu.turpis@hotmail.org,1-989-697-8118,4032 Facilisis Rd.,Rivers,Sweden,$32.98,7,Customer Service
